,Date,Action,Type,HMC_Shares,HYMTF_Shares,HMC_Price,HYMTF_Price
0,2014-06-23,Open Position,upper,1421.6662667941052,681.1988959206127,35.16999816894531,73.4000015258789
1,2014-07-08,Close Position,upper,1428.9796399401291,681.7562380238057,34.9900016784668,73.33999633789062
2,2014-07-09,Open Position,lower,1412.0305059434836,680.7352222932476,35.40999984741211,73.44999694824219
3,2014-07-16,Close Position,lower,1400.952701706802,664.0988098286542,35.689998626708984,75.29000091552734
4,2014-07-17,Open Position,upper,1424.5014864278282,657.8947368421053,35.099998474121094,76.0
5,2014-07-23,Close Position,upper,1422.4750449352869,675.8583094240138,35.150001525878906,73.9800033569336
6,2014-07-24,Open Position,lower,1423.2848983708432,675.8583094240138,35.130001068115234,73.9800033569336
7,2014-07-31,Close Position,lower,1433.486194635079,634.5177419239279,34.880001068115234,78.80000305175781
8,2014-08-01,Open Position,upper,1445.0867689314282,625.0,34.599998474121094,80.0
9,2014-08-13,Close Position,upper,1456.0279492669704,671.1409395973154,34.34000015258789,74.5
10,2014-08-14,Open Position,lower,1466.2757254357537,671.1409395973154,34.099998474121094,74.5
11,2014-08-18,Close Position,lower,1465.416224068974,645.1612903225806,34.119998931884766,77.5
12,2014-08-19,Open Position,upper,1467.1360714082634,640.6149653427069,34.08000183105469,78.05000305175781
13,2014-08-20,Close Position,upper,1466.7057722557483,680.2721088435375,34.09000015258789,73.5
14,2014-08-21,Open Position,lower,1439.677531213132,680.2721088435375,34.72999954223633,73.5
15,2014-10-24,Close Position,lower,1609.2694075027373,869.5652173913044,31.06999969482422,57.5
16,2014-10-27,Open Position,upper,1622.3231828388625,869.5652173913044,30.81999969482422,57.5
17,2014-11-06,Close Position,upper,1579.2798560005995,896.8609865470852,31.65999984741211,55.75
18,2014-11-07,Open Position,lower,1581.2776303902276,896.0573599218192,31.6200008392334,55.79999923706055
19,2014-11-11,Close Position,lower,1612.3830903242438,838.9261959748286,31.010000228881836,59.599998474121094
20,2014-11-12,Open Position,upper,1603.0778821373533,838.9261959748286,31.190000534057617,59.599998474121094
21,2014-11-19,Close Position,upper,1606.1677272068616,890.947985595779,31.1299991607666,56.119998931884766
22,2014-11-20,Open Position,lower,1604.6213172286837,887.3114703448067,31.15999984741211,56.349998474121094
23,2014-11-24,Close Position,lower,1578.2828130791133,858.3690987124463,31.68000030517578,58.25
24,2014-11-25,Open Position,lower,1572.8215967297522,871.8396047135425,31.790000915527344,57.349998474121094
25,2014-11-28,Close Position,lower,1649.076533748622,899.9279835157845,30.31999969482422,55.560001373291016
26,2014-12-01,Open Position,lower,1638.8069362473568,899.9279835157845,30.510000228881836,55.560001373291016
27,2014-12-02,Close Position,lower,1625.4876341988104,892.8571428571429,30.760000228881836,56.0
28,2014-12-03,Open Position,upper,1613.9445041576876,892.8571428571429,30.979999542236328,56.0
29,2014-12-11,Close Position,upper,1663.3400162448238,896.8609865470852,30.059999465942383,55.75
30,2014-12-12,Open Position,lower,1704.1581370131596,925.0693932612754,29.34000015258789,54.04999923706055
31,2014-12-16,Close Position,lower,1731.9015776422013,877.1929824561404,28.8700008392334,57.0
32,2014-12-17,Open Position,upper,1677.2895302170161,877.1929824561404,29.809999465942383,57.0
33,2014-12-18,Close Position,upper,1658.925050183394,925.925925925926,30.139999389648438,54.0
34,2014-12-19,Open Position,upper,1648.5328099496562,881.0572687224669,30.329999923706055,56.75
35,2014-12-22,Close Position,upper,1655.6290972468623,891.2656213897221,30.200000762939453,56.099998474121094
36,2014-12-23,Open Position,lower,1653.9861315625128,891.2656213897221,30.229999542236328,56.099998474121094
37,2014-12-26,Close Position,lower,1648.5328099496562,869.5652173913044,30.329999923706055,57.5
38,2014-12-29,Open Position,upper,1664.4473527347848,869.5652173913044,30.040000915527344,57.5
39,2015-01-06,Close Position,upper,1734.9063334299583,904.6498929959135,28.81999969482422,55.27000045776367
40,2015-01-07,Open Position,upper,1717.622774017391,889.679703224702,29.110000610351562,56.20000076293945
41,2015-01-14,Close Position,upper,1652.892561983471,868.8097421867807,30.25,57.54999923706055
42,2015-01-15,Open Position,lower,1650.165058052014,896.8609865470852,30.299999237060547,55.75
43,2015-03-20,Close Position,lower,1455.1804165258545,981.9324783576604,34.36000061035156,50.91999816894531
44,2015-03-23,Open Position,upper,1448.8554746988063,990.0990099009902,34.5099983215332,50.5
45,2015-03-24,Close Position,upper,1469.2918540572775,1010.10101010101,34.029998779296875,49.5
46,2015-03-25,Open Position,lower,1474.491307136229,1010.10101010101,33.90999984741211,49.5
47,2015-03-26,Close Position,lower,1490.3129996130726,1010.10101010101,33.54999923706055,49.5
48,2015-03-27,Open Position,upper,1494.3216188909832,1010.10101010101,33.459999084472656,49.5
49,2015-03-30,Close Position,upper,1485.0015657594024,1010.10101010101,33.66999816894531,49.5
50,2015-03-31,Open Position,upper,1526.2516044494091,1010.10101010101,32.7599983215332,49.5
51,2015-04-06,Close Position,upper,1474.491307136229,1010.10101010101,33.90999984741211,49.5
52,2015-04-07,Open Position,lower,1481.0427276623532,1010.10101010101,33.7599983215332,49.5
53,2015-04-17,Close Position,lower,1421.2620683986709,947.6876723021662,35.18000030517578,52.7599983215332
54,2015-04-20,Open Position,upper,1428.1634503606092,947.6876723021662,35.0099983215332,52.7599983215332
55,2015-05-01,Close Position,upper,1461.1337877378555,925.925925925926,34.220001220703125,54.0
56,2015-05-04,Open Position,upper,1460.2803022478972,890.4719259349541,34.2400016784668,56.150001525878906
57,2015-05-07,Close Position,upper,1461.56098620576,952.3809523809524,34.209999084472656,52.5
58,2015-05-08,Open Position,lower,1413.6274105150403,925.925925925926,35.369998931884766,54.0
59,2015-05-15,Close Position,lower,1428.5714285714287,925.925925925926,35.0,54.0
60,2015-05-18,Open Position,lower,1420.454514667023,952.9254590577647,35.20000076293945,52.470001220703125
61,2015-05-19,Close Position,lower,1434.308638111517,952.9254590577647,34.86000061035156,52.470001220703125
62,2015-05-20,Open Position,upper,1443.001379456122,952.9254590577647,34.650001525878906,52.470001220703125
63,2015-05-28,Close Position,upper,1445.5044746872945,956.9377990430622,34.59000015258789,52.25
64,2015-05-29,Open Position,upper,1461.1337877378555,956.9377990430622,34.220001220703125,52.25
65,2015-06-02,Close Position,upper,1474.9261872991517,1047.1204188481674,33.900001525878906,47.75
66,2015-06-03,Open Position,lower,1449.2753623188405,1041.6666666666667,34.5,48.0
67,2015-06-29,Close Position,lower,1562.5,1111.111111111111,32.0,45.0
68,2015-06-30,Open Position,upper,1543.209803865701,1079.9136247064516,32.400001525878906,46.29999923706055
69,2015-07-09,Close Position,upper,1597.4441283946694,1312.3360105634079,31.299999237060547,38.099998474121094
70,2015-07-10,Open Position,lower,1578.2828130791133,1312.3360105634079,31.68000030517578,38.099998474121094
71,2015-07-23,Close Position,lower,1590.3307617898138,1136.3636363636363,31.440000534057617,44.0
72,2015-07-24,Open Position,upper,1608.2341510004162,1136.3636363636363,31.09000015258789,44.0
73,2015-07-31,Close Position,upper,1472.3204166062897,1157.4073869668575,33.959999084472656,43.20000076293945
74,2015-08-03,Open Position,lower,1443.4180392896205,1157.4073869668575,34.63999938964844,43.20000076293945
75,2015-08-17,Close Position,lower,1465.416224068974,1201.3455377985456,34.119998931884766,41.619998931884766
76,2015-08-18,Open Position,lower,1472.7540169772565,1234.567901234568,33.95000076293945,40.5
77,2015-08-20,Close Position,lower,1545.1173997816804,1250.0,32.36000061035156,40.0
78,2015-08-21,Open Position,upper,1586.797830428778,1282.051282051282,31.510000228881836,39.0
79,2015-08-24,Close Position,upper,1652.892561983471,1515.1515151515152,30.25,33.0
80,2015-08-25,Open Position,lower,1667.7785444779329,1515.1515151515152,29.979999542236328,33.0
81,2015-08-26,Close Position,lower,1608.2341510004162,1252.505067470072,31.09000015258789,39.91999816894531
82,2015-08-27,Open Position,upper,1593.8794600689553,1252.505067470072,31.3700008392334,39.91999816894531
83,2015-10-08,Close Position,upper,1538.4615384615386,1086.9565217391305,32.5,46.0
84,2015-10-09,Open Position,lower,1528.117302402886,1086.9565217391305,32.720001220703125,46.0
85,2015-10-14,Close Position,lower,1574.3072934404804,1052.6315789473683,31.760000228881836,47.5
86,2015-10-15,Open Position,upper,1544.6401498255693,1052.6315789473683,32.369998931884766,47.5
87,2015-10-22,Close Position,upper,1513.3171493497812,1052.6315789473683,33.040000915527344,47.5
88,2015-10-23,Open Position,lower,1477.9780459279152,1052.6315789473683,33.83000183105469,47.5
89,2015-10-30,Close Position,lower,1509.2061089041342,1053.7407628252813,33.130001068115234,47.45000076293945
90,2015-11-02,Open Position,upper,1501.5015359025454,1053.7407628252813,33.29999923706055,47.45000076293945
91,2015-11-16,Close Position,upper,1533.2719737554448,1008.4711204807227,32.61000061035156,49.58000183105469
92,2015-11-17,Open Position,lower,1541.7822858305701,1008.4711204807227,32.43000030517578,49.58000183105469
93,2015-11-20,Close Position,lower,1525.3203740684364,980.0078312698553,32.779998779296875,51.02000045776367
94,2015-11-23,Open Position,upper,1531.3934965782225,987.9470341237894,32.650001525878906,50.61000061035156
95,2015-11-25,Close Position,upper,1533.7424030768461,1030.9278350515465,32.599998474121094,48.5
96,2015-11-27,Open Position,lower,1532.3321594634592,1030.9278350515465,32.630001068115234,48.5
97,2015-12-18,Close Position,lower,1565.4351648079971,1101.3215488880326,31.940000534057617,45.400001525878906
98,2015-12-21,Open Position,lower,1557.147276536678,1129.9435028248588,32.11000061035156,44.25
99,2016-01-06,Close Position,lower,1653.4391659537762,1158.7485105884145,30.239999771118164,43.150001525878906
100,2016-01-07,Open Position,lower,1694.915254237288,1267.7485228445146,29.5,39.439998626708984
101,2016-01-22,Close Position,lower,1740.947116831947,1257.861635220126,28.719999313354492,39.75
102,2016-01-25,Open Position,upper,1793.4003409283164,1265.8227848101267,27.8799991607666,39.5
103,2016-02-17,Close Position,upper,1905.4878214989158,1265.8227848101267,26.239999771118164,39.5
104,2016-02-18,Open Position,upper,1904.7619047619048,1210.653775391175,26.25,41.29999923706055
105,2016-03-01,Close Position,upper,1871.9581323035889,1215.657639230186,26.709999084472656,41.130001068115234
106,2016-03-02,Open Position,lower,1844.337841176891,1213.5922105364714,27.110000610351562,41.20000076293945
107,2016-03-10,Close Position,lower,1808.9725435640094,1200.4801480963424,27.639999389648438,41.650001525878906
108,2016-03-11,Open Position,upper,1771.165455571208,1184.5534490521457,28.229999542236328,42.209999084472656
109,2016-04-01,Close Position,upper,1901.8637603191983,1190.4761904761904,26.290000915527344,42.0
110,2016-04-04,Open Position,lower,1910.584633329536,1204.8192771084337,26.170000076293945,41.5
111,2016-04-13,Close Position,lower,1792.7572999000438,1136.3636363636363,27.889999389648438,44.0
112,2016-04-14,Open Position,upper,1792.1147198436383,1136.3636363636363,27.899999618530273,44.0
113,2016-04-19,Close Position,upper,1754.3859649122808,1133.7868873020748,28.5,44.099998474121094
114,2016-04-20,Open Position,lower,1761.1835531856686,1133.7868873020748,28.389999389648438,44.099998474121094
115,2016-04-21,Close Position,lower,1770.538257976064,1111.111111111111,28.239999771118164,45.0
116,2016-04-22,Open Position,upper,1745.2007213173208,1111.111111111111,28.649999618530273,45.0
117,2016-04-25,Close Position,upper,1742.7674823723162,1144.1647397499216,28.690000534057617,43.70000076293945
118,2016-04-26,Open Position,lower,1741.5535212274424,1144.1647397499216,28.709999084472656,43.70000076293945
119,2016-04-28,Close Position,lower,1836.2100932996796,1144.1647397499216,27.229999542236328,43.70000076293945
120,2016-04-29,Open Position,lower,1854.5994695080315,1173.7089622285857,26.959999084472656,42.599998474121094
121,2016-05-13,Close Position,lower,1902.587469314949,1244.4001896525435,26.280000686645508,40.18000030517578
122,2016-05-16,Open Position,lower,1842.9783098668984,1244.4001896525435,27.1299991607666,40.18000030517578
123,2016-05-26,Close Position,lower,1801.8018018018017,1231.2238179886879,27.75,40.61000061035156
124,2016-05-27,Open Position,upper,1840.2649929922313,1231.2238179886879,27.170000076293945,40.61000061035156
125,2016-05-31,Close Position,upper,1786.990736884183,1228.5012054724316,27.979999542236328,40.70000076293945
126,2016-06-01,Open Position,lower,1805.0541019080508,1225.4902189944812,27.700000762939453,40.79999923706055
127,2016-06-02,Close Position,lower,1832.8445286468307,1225.4902189944812,27.280000686645508,40.79999923706055
128,2016-06-03,Open Position,upper,1844.337841176891,1217.137238835325,27.110000610351562,41.08000183105469
129,2016-06-17,Close Position,upper,1926.7822169549838,1251.8778597694698,25.950000762939453,39.939998626708984
130,2016-06-20,Open Position,lower,1903.3117293008388,1251.8778597694698,26.270000457763672,39.939998626708984
131,2016-06-21,Close Position,lower,1893.2222752322148,1216.545057330911,26.40999984741211,41.099998474121094
132,2016-06-22,Open Position,upper,1928.268392269155,1216.545057330911,25.93000030517578,41.099998474121094
133,2016-06-23,Close Position,upper,1877.5817339740631,1216.545057330911,26.6299991607666,41.099998474121094
134,2016-06-24,Open Position,upper,1978.6307516523436,1249.0632406878692,25.270000457763672,40.029998779296875
135,2016-06-29,Close Position,upper,1960.0156625397105,1249.0632406878692,25.510000228881836,40.029998779296875
136,2016-06-30,Open Position,upper,1973.9439459376222,1249.0632406878692,25.329999923706055,40.029998779296875
137,2016-07-08,Close Position,upper,1992.8258149031053,1277.7919405870423,25.09000015258789,39.130001068115234
138,2016-07-11,Open Position,lower,1939.4879235166536,1277.7919405870423,25.780000686645508,39.130001068115234
139,2016-07-12,Close Position,lower,1917.9133327694938,1216.545057330911,26.06999969482422,41.099998474121094
140,2016-07-13,Open Position,upper,1902.587469314949,1198.7533228839952,26.280000686645508,41.709999084472656
141,2016-07-15,Close Position,upper,1888.9309141301824,1218.0268192273013,26.469999313354492,41.04999923706055
142,2016-07-18,Open Position,lower,1876.8769198781818,1218.0268192273013,26.639999389648438,41.04999923706055
143,2016-07-26,Close Position,lower,1854.5994695080315,1169.5906432748538,26.959999084472656,42.75
144,2016-07-27,Open Position,upper,1842.299230819831,1169.5906432748538,27.139999389648438,42.75
145,2016-08-02,Close Position,upper,1782.5312427794443,1169.5906432748538,28.049999237060547,42.75
146,2016-08-03,Open Position,lower,1765.5367421892322,1169.5906432748538,28.31999969482422,42.75
147,2016-09-06,Close Position,lower,1624.9593518411648,1152.6048586649422,30.770000457763672,43.380001068115234
148,2016-09-07,Open Position,lower,1619.1710284605701,1152.6048586649422,30.8799991607666,43.380001068115234
149,2016-09-08,Close Position,lower,1621.2710685023887,1152.6048586649422,30.84000015258789,43.380001068115234
150,2016-09-09,Open Position,upper,1661.6816133747925,1152.6048586649422,30.09000015258789,43.380001068115234
151,2016-09-22,Close Position,upper,1656.1775129349382,1145.475332236961,30.190000534057617,43.650001525878906
152,2016-09-23,Open Position,upper,1695.4900097682898,1096.4912647612475,29.489999771118164,45.599998474121094
153,2016-10-14,Close Position,upper,1700.1020149410058,1166.3168006942092,29.40999984741211,42.869998931884766
154,2016-10-17,Open Position,lower,1715.2658886559866,1166.3168006942092,29.149999618530273,42.869998931884766
155,2016-11-04,Close Position,lower,1804.4028023089174,1242.2360248447205,27.709999084472656,40.25
156,2016-11-07,Open Position,lower,1766.1604006793152,1242.2360248447205,28.309999465942383,40.25
157,2016-11-21,Close Position,lower,1748.2517249333878,1251.5644316678877,28.600000381469727,39.95000076293945
158,2016-11-22,Open Position,lower,1753.1556520851693,1305.483054725967,28.520000457763672,38.29999923706055
159,2016-12-08,Close Position,lower,1649.076533748622,1246.8828404636465,30.31999969482422,40.099998474121094
160,2016-12-09,Open Position,lower,1632.3865938607034,1257.861635220126,30.6299991607666,39.75
161,2016-12-12,Close Position,lower,1655.0811491318123,1257.861635220126,30.209999084472656,39.75
162,2016-12-13,Open Position,upper,1650.165058052014,1257.861635220126,30.299999237060547,39.75
163,2016-12-16,Close Position,upper,1659.4756519312111,1279.4267568398066,30.1299991607666,39.08000183105469
164,2016-12-19,Open Position,upper,1655.6290972468623,1258.4948546713624,30.200000762939453,39.72999954223633
165,2016-12-20,Close Position,upper,1657.8249420744035,1270.648079767601,30.15999984741211,39.349998474121094
166,2016-12-21,Open Position,lower,1665.556270405358,1270.648079767601,30.020000457763672,39.349998474121094
167,2016-12-23,Close Position,lower,1655.0811491318123,1260.0806354701085,30.209999084472656,39.68000030517578
168,2016-12-27,Open Position,upper,1673.3601540943685,1250.0,29.8799991607666,40.0
169,2017-01-09,Close Position,upper,1643.1153302188957,1243.781070922148,30.43000030517578,40.20000076293945
170,2017-01-10,Open Position,lower,1661.1295470541318,1243.781070922148,30.100000381469727,40.20000076293945
171,2017-01-11,Close Position,lower,1656.7262920612081,1204.8192771084337,30.18000030517578,41.5
172,2017-01-12,Open Position,upper,1657.8249420744035,1204.8192771084337,30.15999984741211,41.5
173,2017-01-17,Close Position,upper,1685.7720922868648,1315.7894736842106,29.65999984741211,38.0
174,2017-01-18,Open Position,upper,1667.2224201932954,1111.111111111111,29.989999771118164,45.0
175,2017-01-23,Close Position,upper,1646.9037877078295,1218.0268192273013,30.360000610351562,41.04999923706055
176,2017-01-24,Open Position,lower,1649.6206163309948,1218.0268192273013,30.309999465942383,41.04999923706055
177,2017-01-31,Close Position,lower,1682.3688141046766,1212.121212121212,29.719999313354492,41.25
178,2017-02-01,Open Position,lower,1668.8919068062808,1263.2642164450262,29.959999084472656,39.58000183105469
179,2017-02-23,Close Position,lower,1581.2776303902276,1204.8192771084337,31.6200008392334,41.5
180,2017-02-24,Open Position,upper,1589.8250806696255,1184.8341018019744,31.450000762939453,42.20000076293945
181,2017-03-03,Close Position,upper,1605.1364562539636,1209.7749282563743,31.149999618530273,41.33000183105469
182,2017-03-06,Open Position,lower,1614.9871278606226,1209.7749282563743,30.959999084472656,41.33000183105469
183,2017-03-14,Close Position,lower,1626.0162601626016,1209.7749282563743,30.75,41.33000183105469
184,2017-03-15,Open Position,lower,1604.6213172286837,1209.7749282563743,31.15999984741211,41.33000183105469
185,2017-03-17,Close Position,lower,1610.824694756635,1209.7749282563743,31.040000915527344,41.33000183105469
186,2017-03-20,Open Position,upper,1613.4236969759077,1141.5525312998964,30.989999771118164,43.79999923706055
187,2017-03-29,Close Position,upper,1623.9038166051203,1156.0693641618498,30.790000915527344,43.25
188,2017-03-30,Open Position,lower,1631.3213906133678,1161.4402064136714,30.649999618530273,43.04999923706055
189,2017-04-04,Close Position,lower,1687.4789543094396,1145.475332236961,29.6299991607666,43.650001525878906
190,2017-04-05,Open Position,upper,1722.3561425198723,1145.475332236961,29.030000686645508,43.650001525878906
191,2017-04-07,Close Position,upper,1737.9214182983214,1282.051282051282,28.770000457763672,39.0
192,2017-04-10,Open Position,lower,1744.591774815198,1282.051282051282,28.65999984741211,39.0
193,2017-04-19,Close Position,lower,1773.6785758337512,1242.2360248447205,28.190000534057617,40.25
194,2017-04-20,Open Position,lower,1755.6180057464237,1242.2360248447205,28.479999542236328,40.25
195,2017-05-03,Close Position,lower,1728.9073260060457,1216.545057330911,28.920000076293945,41.099998474121094
196,2017-05-04,Open Position,upper,1724.732680053811,1216.545057330911,28.989999771118164,41.099998474121094
197,2017-07-05,Close Position,upper,1799.855967031569,1079.9136247064516,27.780000686645508,46.29999923706055
198,2017-07-06,Open Position,lower,1830.1610746164288,1079.9136247064516,27.31999969482422,46.29999923706055
199,2017-07-18,Close Position,lower,1807.664507441349,1064.2826838482322,27.65999984741211,46.97999954223633
200,2017-07-19,Open Position,upper,1803.1013640603787,1064.2826838482322,27.729999542236328,46.97999954223633
201,2017-07-21,Close Position,upper,1816.8604348948872,1101.3215488880326,27.520000457763672,45.400001525878906
202,2017-07-24,Open Position,lower,1824.1517795820312,1101.3215488880326,27.40999984741211,45.400001525878906
203,2017-08-11,Close Position,lower,1814.2235474927397,1101.3215488880326,27.559999465942383,45.400001525878906
204,2017-08-14,Open Position,lower,1802.4513486859544,1101.3215488880326,27.739999771118164,45.400001525878906
205,2017-08-23,Close Position,lower,1803.1013640603787,1150.4832271812897,27.729999542236328,43.459999084472656
206,2017-08-24,Open Position,upper,1800.504111479821,1136.3636363636363,27.770000457763672,44.0
207,2017-08-31,Close Position,upper,1779.359406449404,1197.6047904191616,28.100000381469727,41.75
208,2017-09-01,Open Position,lower,1772.4211847819943,1197.6047904191616,28.209999084472656,41.75
209,2017-09-14,Close Position,lower,1710.5713576133228,1020.4081632653061,29.229999542236328,49.0
210,2017-09-15,Open Position,lower,1704.1581370131596,1289.9897359443999,29.34000015258789,38.7599983215332
211,2017-10-31,Close Position,lower,1608.2341510004162,1104.9723756906078,31.09000015258789,45.25
212,2017-11-01,Open Position,upper,1568.8735074787874,1081.081081081081,31.8700008392334,46.25
213,2017-11-08,Close Position,upper,1486.3258295832727,1086.9565217391305,33.63999938964844,46.0
214,2017-11-09,Open Position,upper,1516.530122801545,1086.9565217391305,32.970001220703125,46.0
215,2017-11-15,Close Position,upper,1554.726375535834,1127.6499735664022,32.15999984741211,44.34000015258789
216,2017-11-16,Open Position,lower,1533.7424030768461,1127.6499735664022,32.599998474121094,44.34000015258789
217,2017-12-29,Close Position,lower,1467.1360714082634,1126.126087424954,34.08000183105469,44.400001525878906
218,2018-01-02,Open Position,upper,1450.1160285327853,1126.126087424954,34.47999954223633,44.400001525878906
219,2018-01-05,Close Position,upper,1403.7058253598982,1197.6047904191616,35.619998931884766,41.75
220,2018-01-08,Open Position,lower,1396.648074456925,1197.6047904191616,35.79999923706055,41.75
221,2018-01-17,Close Position,lower,1376.2729832086127,1141.5525312998964,36.33000183105469,43.79999923706055
222,2018-01-18,Open Position,upper,1394.3111865303956,1141.5525312998964,35.86000061035156,43.79999923706055
223,2018-01-30,Close Position,upper,1395.478577862194,1204.8192771084337,35.83000183105469,41.5
224,2018-01-31,Open Position,upper,1416.8319269722763,1052.6315789473683,35.290000915527344,47.5
225,2018-02-05,Close Position,upper,1434.7202923732978,1176.4705882352941,34.849998474121094,42.5
226,2018-02-06,Open Position,lower,1382.743368666756,1187.6484991023228,36.15999984741211,42.099998474121094
227,2018-03-08,Close Position,lower,1431.4342846596314,1219.5121951219512,34.93000030517578,41.0
228,2018-03-09,Open Position,upper,1443.001379456122,1219.5121951219512,34.650001525878906,41.0
229,2018-03-13,Close Position,upper,1444.6691452829798,1253.1327841571708,34.61000061035156,39.900001525878906
230,2018-03-14,Open Position,lower,1445.0867689314282,1253.1327841571708,34.599998474121094,39.900001525878906
231,2018-03-15,Close Position,lower,1439.677531213132,1215.657639230186,34.72999954223633,41.130001068115234
232,2018-03-16,Open Position,upper,1438.4350521969354,1215.657639230186,34.7599983215332,41.130001068115234
233,2018-03-23,Close Position,upper,1519.295054142389,1366.120275533719,32.90999984741211,36.599998474121094
234,2018-03-26,Open Position,lower,1486.3258295832727,1366.120275533719,33.63999938964844,36.599998474121094
235,2018-04-16,Close Position,lower,1425.3134945887414,1226.993865030675,35.08000183105469,40.75
236,2018-04-17,Open Position,upper,1429.3882405466554,1226.993865030675,34.97999954223633,40.75
237,2018-05-04,Close Position,upper,1493.8750575566792,1250.0,33.470001220703125,40.0
238,2018-05-07,Open Position,lower,1505.1173438500468,1250.0,33.220001220703125,40.0
239,2018-05-16,Close Position,lower,1508.2955565165498,1144.1647397499216,33.150001525878906,43.70000076293945
240,2018-05-17,Open Position,upper,1510.5740877629346,1144.1647397499216,33.099998474121094,43.70000076293945
241,2018-05-24,Close Position,upper,1544.1630126823954,1215.066783619811,32.380001068115234,41.150001525878906
242,2018-05-25,Open Position,lower,1560.5492687663693,1227.5963801116873,32.040000915527344,40.72999954223633
243,2018-06-01,Close Position,lower,1562.011953195414,1203.3694565125882,32.0099983215332,41.54999923706055
244,2018-06-04,Open Position,upper,1554.2431720828176,1203.3694565125882,32.16999816894531,41.54999923706055
245,2018-06-08,Close Position,upper,1554.726375535834,1218.0268192273013,32.15999984741211,41.04999923706055
246,2018-06-11,Open Position,lower,1530.4561616880603,1219.5121951219512,32.66999816894531,41.0
247,2018-06-15,Close Position,lower,1571.3387957113307,1225.4902189944812,31.81999969482422,40.79999923706055
248,2018-06-18,Open Position,upper,1578.7811771249937,1219.5121951219512,31.670000076293945,41.0
249,2018-06-21,Close Position,upper,1631.3213906133678,1338.6881403661578,30.649999618530273,37.349998474121094
250,2018-06-22,Open Position,lower,1637.1970694532192,1338.6881403661578,30.540000915527344,37.349998474121094
251,2018-08-03,Close Position,lower,1630.7893101382485,1356.4839710273436,30.65999984741211,36.86000061035156
252,2018-08-06,Open Position,lower,1650.7097553228816,1428.5714285714287,30.290000915527344,35.0
253,2018-08-16,Close Position,lower,1678.4155241142898,1406.8654674163251,29.790000915527344,35.540000915527344
254,2018-08-17,Open Position,upper,1666.6666666666667,1406.8654674163251,30.0,35.540000915527344
255,2018-08-20,Close Position,upper,1654.5334591686951,1406.8654674163251,30.219999313354492,35.540000915527344
256,2018-08-21,Open Position,lower,1648.5328099496562,1406.8654674163251,30.329999923706055,35.540000915527344
257,2018-09-04,Close Position,lower,1725.3278395373502,1459.85401459854,28.979999542236328,34.25
258,2018-09-05,Open Position,upper,1743.983253119799,1459.85401459854,28.670000076293945,34.25
259,2018-09-06,Close Position,upper,1739.1304347826087,1552.7949942643304,28.75,32.20000076293945
260,2018-09-07,Open Position,lower,1745.2007213173208,1552.7949942643304,28.649999618530273,32.20000076293945
261,2018-09-18,Close Position,lower,1684.0686797106869,1052.6315789473683,29.690000534057617,47.5
262,2018-09-19,Open Position,upper,1651.25491632012,1052.6315789473683,30.280000686645508,47.5
263,2018-09-21,Close Position,upper,1619.6954532133943,1395.868241931468,30.8700008392334,35.81999969482422
264,2018-09-24,Open Position,lower,1630.7893101382485,1440.922158520566,30.65999984741211,34.70000076293945
265,2018-10-04,Close Position,lower,1715.2658886559866,1392.757600969932,29.149999618530273,35.900001525878906
266,2018-10-05,Open Position,lower,1733.1022301169485,1392.757600969932,28.850000381469727,35.900001525878906
267,2018-10-08,Close Position,lower,1727.7124767554246,1392.757600969932,28.940000534057617,35.900001525878906
268,2018-10-09,Open Position,upper,1768.0339033234604,1392.757600969932,28.280000686645508,35.900001525878906
269,2018-10-10,Close Position,upper,1795.9770016507061,1552.7949942643304,27.84000015258789,32.20000076293945
270,2018-10-11,Open Position,lower,1842.299230819831,1552.7949942643304,27.139999389648438,32.20000076293945
271,2018-11-21,Close Position,lower,1790.1897405541513,1851.851851851852,27.93000030517578,27.0
272,2018-11-23,Open Position,lower,1801.152722901616,1851.851851851852,27.760000228881836,27.0
273,2018-11-28,Close Position,lower,1783.166846200499,1819.5051249237026,28.040000915527344,27.479999542236328
274,2018-11-29,Open Position,upper,1797.2681721237498,1819.5051249237026,27.81999969482422,27.479999542236328
275,2018-12-19,Close Position,upper,1868.460372658571,1980.1980198019803,26.760000228881836,25.25
276,2018-12-20,Open Position,lower,1886.080707970969,1980.1980198019803,26.510000228881836,25.25
277,2019-01-17,Close Position,lower,1692.6201235734595,1522.070085920689,29.540000915527344,32.849998474121094
278,2019-01-18,Open Position,upper,1680.1075139601448,1428.5714285714287,29.760000228881836,35.0
279,2019-02-01,Close Position,upper,1716.443578458523,1396.648074456925,29.1299991607666,35.79999923706055
280,2019-02-04,Open Position,lower,1759.324414700007,1396.648074456925,28.420000076293945,35.79999923706055
281,2019-02-13,Close Position,lower,1850.4810937423013,1414.4272180550115,27.020000457763672,35.349998474121094
282,2019-02-14,Open Position,lower,1830.1610746164288,1515.1515151515152,27.31999969482422,33.0
283,2019-02-25,Close Position,lower,1761.1835531856686,1542.7337314224771,28.389999389648438,32.40999984741211
284,2019-02-26,Open Position,upper,1753.770592725141,1542.7337314224771,28.510000228881836,32.40999984741211
285,2019-03-08,Close Position,upper,1848.4288876243743,1639.344262295082,27.049999237060547,30.5
286,2019-03-11,Open Position,lower,1822.8217077549748,1639.344262295082,27.43000030517578,30.5
287,2019-03-20,Close Position,lower,1820.8303593233788,1639.344262295082,27.459999084472656,30.5
288,2019-03-21,Open Position,upper,1807.664507441349,1613.4236969759077,27.65999984741211,30.989999771118164
289,2019-04-02,Close Position,upper,1785.7142857142858,1718.2130358953177,28.0,29.100000381469727
290,2019-04-03,Open Position,lower,1776.8301735782186,1718.2130358953177,28.139999389648438,29.100000381469727
291,2019-04-12,Close Position,lower,1791.4726002635982,1612.9032258064517,27.90999984741211,31.0
292,2019-04-15,Open Position,upper,1787.629647031386,1612.9032258064517,27.969999313354492,31.0
293,2019-05-23,Close Position,upper,1977.848047544285,1694.915254237288,25.280000686645508,29.5
294,2019-05-24,Open Position,lower,1965.4087637719529,1694.915254237288,25.440000534057617,29.5
295,2019-06-06,Close Position,lower,1964.6364833438631,1499.2504434085345,25.450000762939453,33.349998474121094
296,2019-06-07,Open Position,upper,1954.652077761068,1499.2504434085345,25.579999923706055,33.349998474121094
297,2019-06-19,Close Position,upper,1937.2336704608445,1499.2504434085345,25.809999465942383,33.349998474121094
298,2019-06-20,Open Position,lower,1926.0401295586441,1666.6666666666667,25.959999084472656,30.0
299,2019-07-11,Close Position,lower,1904.036540906345,1136.3636363636363,26.260000228881836,44.0
300,2019-07-12,Open Position,upper,1888.217555300506,1136.3636363636363,26.479999542236328,44.0
301,2019-07-15,Close Position,upper,1883.948691604878,1481.4814814814815,26.540000915527344,33.75
302,2019-07-16,Open Position,lower,1911.314995857933,1526.7175572519084,26.15999984741211,32.75
303,2019-09-12,Close Position,lower,1853.2246422660828,1574.8031496062993,26.979999542236328,31.75
304,2019-09-13,Open Position,upper,1845.018424213333,1574.8031496062993,27.100000381469727,31.75
305,2019-09-16,Close Position,upper,1851.166219041158,1785.076743713972,27.010000228881836,28.010000228881836
306,2019-09-17,Open Position,lower,1852.5379927385068,1785.076743713972,26.989999771118164,28.010000228881836
307,2019-09-19,Close Position,lower,1876.1726347355745,1428.5714285714287,26.649999618530273,35.0
308,2019-09-20,Open Position,upper,1874.0629470795118,1428.5714285714287,26.68000030517578,35.0
309,2019-09-30,Close Position,upper,1917.177919718906,1666.6666666666667,26.079999923706055,30.0
310,2019-10-01,Open Position,lower,1912.045916993791,1612.9032258064517,26.149999618530273,31.0
311,2019-10-10,Close Position,lower,1940.993771573827,1672.8003018064999,25.760000228881836,29.889999389648438
312,2019-10-11,Open Position,lower,1898.9745592434585,1672.8003018064999,26.329999923706055,29.889999389648438
313,2019-10-16,Close Position,lower,1864.2804089833419,1538.4615384615386,26.81999969482422,32.5
314,2019-10-17,Open Position,upper,1865.6716949027814,1618.12299732249,26.799999237060547,30.899999618530273
315,2019-10-25,Close Position,upper,1848.4288876243743,1592.3567072431808,27.049999237060547,31.399999618530273
316,2019-10-28,Open Position,lower,1837.559782518788,1562.5,27.209999084472656,32.0
317,2019-10-30,Close Position,lower,1823.4865011261495,1459.85401459854,27.420000076293945,34.25
318,2019-10-31,Open Position,lower,1853.9118010003785,1592.3567072431808,26.969999313354492,31.399999618530273
319,2019-12-20,Close Position,lower,1729.5053705950045,1587.3015873015872,28.90999984741211,31.5
320,2019-12-23,Open Position,upper,1734.9063334299583,1587.3015873015872,28.81999969482422,31.5
321,2020-01-09,Close Position,upper,1783.8030244437982,1650.165058052014,28.030000686645508,30.299999237060547
322,2020-01-10,Open Position,upper,1803.7518484321106,1515.1515151515152,27.719999313354492,33.0
323,2020-01-14,Close Position,upper,1793.4003409283164,1597.4441283946694,27.8799991607666,31.299999237060547
324,2020-01-15,Open Position,lower,1810.938025885228,1785.7142857142858,27.610000610351562,28.0
325,2020-01-21,Close Position,lower,1812.2508054901223,1587.3015873015872,27.59000015258789,31.5
326,2020-01-22,Open Position,upper,1822.1573989381545,1529.0519520925363,27.440000534057617,32.70000076293945
327,2020-02-04,Close Position,upper,1917.9133327694938,1586.797830428778,26.06999969482422,31.510000228881836
328,2020-02-05,Open Position,lower,1900.4181305561679,1639.344262295082,26.309999465942383,30.5
329,2020-02-06,Close Position,lower,1883.2392254914314,1471.4538161735757,26.549999237060547,33.97999954223633
330,2020-02-07,Open Position,upper,1887.5047350704247,1471.4538161735757,26.489999771118164,33.97999954223633
331,2020-02-19,Close Position,upper,1846.3810982595162,1600.0,27.079999923706055,31.25
332,2020-02-20,Open Position,lower,1829.4914064975894,1612.9032258064517,27.329999923706055,31.0
333,2020-03-02,Close Position,lower,1926.7822169549838,1515.1515151515152,25.950000762939453,33.0
334,2020-03-03,Open Position,lower,1954.652077761068,1818.1818181818182,25.579999923706055,27.5
335,2020-03-09,Close Position,lower,2145.9228170476044,1519.756768420523,23.299999237060547,32.900001525878906
336,2020-03-10,Open Position,lower,2060.156533042241,1988.071600731178,24.270000457763672,25.149999618530273
337,2020-03-11,Close Position,lower,2122.241134694357,1724.1379310344828,23.559999465942383,29.0
338,2020-03-12,Open Position,lower,2331.002248092607,2000.0,21.450000762939453,25.0
339,2020-03-24,Close Position,lower,2299.908027893614,2083.3333333333335,21.739999771118164,24.0
340,2020-03-25,Open Position,lower,2194.9077477118726,2500.0,22.780000686645508,20.0
341,2020-03-26,Close Position,lower,2111.4864592747244,2136.752171585738,23.68000030517578,23.399999618530273
342,2020-03-27,Open Position,upper,2165.439569925515,2136.752171585738,23.09000015258789,23.399999618530273
343,2020-03-30,Close Position,upper,2135.839398799796,2747.252632088603,23.40999984741211,18.200000762939453
344,2020-03-31,Open Position,lower,2226.179966078746,2338.6343294041176,22.459999084472656,21.3799991607666
345,2020-04-01,Close Position,lower,2371.916517123476,2320.185696991239,21.079999923706055,21.549999237060547
346,2020-04-02,Open Position,upper,2394.6361115736877,2320.185696991239,20.8799991607666,21.549999237060547
347,2020-04-08,Close Position,upper,2259.376497792328,2223.210338321586,22.1299991607666,22.489999771118164
348,2020-04-09,Open Position,upper,2239.1401778250265,1875.4688779510068,22.329999923706055,26.65999984741211
349,2020-04-16,Close Position,upper,2379.8191078202112,2127.659574468085,21.010000228881836,23.5
350,2020-04-17,Open Position,lower,2209.4565556451494,2000.0,22.6299991607666,25.0
351,2020-04-28,Close Position,lower,2143.1633160527385,1706.484686073191,23.329999923706055,29.299999237060547
352,2020-04-29,Open Position,lower,2092.925963893706,2173.913043478261,23.889999389648438,23.0
353,2020-04-30,Close Position,lower,2079.0021449543765,1983.340016493535,24.049999237060547,25.209999084472656
354,2020-05-01,Open Position,lower,2179.59890305007,2173.913043478261,22.940000534057617,23.0
355,2020-05-04,Close Position,lower,2201.673360444393,1792.7572999000438,22.709999084472656,27.889999389648438
356,2020-05-05,Open Position,upper,2186.2701427725874,1661.1295470541318,22.8700008392334,30.100000381469727
357,2020-05-06,Close Position,upper,2188.1837709091524,2173.913043478261,22.850000381469727,23.0
358,2020-05-07,Open Position,lower,2193.9446244573805,2173.913043478261,22.790000915527344,23.0
359,2020-05-15,Close Position,lower,2179.59890305007,1888.9309141301824,22.940000534057617,26.469999313354492
360,2020-05-18,Open Position,upper,2094.679440388565,1888.9309141301824,23.8700008392334,26.469999313354492
361,2020-05-19,Close Position,upper,2109.7045734355756,2223.210338321586,23.700000762939453,22.489999771118164
362,2020-05-20,Open Position,lower,2073.828234518279,2000.0,24.110000610351562,25.0
363,2020-06-08,Close Position,lower,1779.9928703593678,1754.3859649122808,28.09000015258789,28.5
364,2020-06-09,Open Position,upper,1798.5612004386078,1779.359406449404,27.799999237060547,28.100000381469727
365,2020-06-11,Close Position,upper,1938.7358753406086,2232.142895156024,25.790000915527344,22.399999618530273
366,2020-06-12,Open Position,lower,1893.2222752322148,2000.0,26.40999984741211,25.0
367,2020-06-16,Close Position,lower,1831.501882685899,1743.3751557867547,27.299999237060547,28.68000030517578
368,2020-06-17,Open Position,upper,1836.8846899812131,1743.3751557867547,27.219999313354492,28.68000030517578
369,2020-06-18,Close Position,upper,1833.5166542237876,2082.465619465283,27.270000457763672,24.010000228881836
370,2020-06-19,Open Position,lower,1869.1588785046729,2083.3333333333335,26.75,24.0
371,2020-07-01,Close Position,lower,1970.8316257789625,1980.1980198019803,25.3700008392334,25.25
372,2020-07-02,Open Position,upper,1935.7336487682833,1980.1980198019803,25.829999923706055,25.25
373,2020-07-06,Close Position,upper,1912.045916993791,2173.913043478261,26.149999618530273,23.0
374,2020-07-07,Open Position,lower,1947.7989813554627,2263.4676167778293,25.670000076293945,22.09000015258789
375,2020-07-09,Close Position,lower,1998.401242414249,2173.913043478261,25.020000457763672,23.0
376,2020-07-10,Open Position,lower,1977.848047544285,2227.17141651684,25.280000686645508,22.450000762939453
377,2020-07-21,Close Position,lower,1932.7405635090672,1724.1379310344828,25.8700008392334,29.0
378,2020-07-22,Open Position,upper,1925.2984721600903,1730.7027018462131,25.969999313354492,28.889999389648438
379,2020-08-03,Close Position,upper,1993.6204207376861,2011.2630238303489,25.079999923706055,24.860000610351562
380,2020-08-04,Open Position,lower,1926.0401295586441,2011.2630238303489,25.959999084472656,24.860000610351562
381,2020-08-05,Close Position,lower,1952.3623119239599,1724.1379310344828,25.610000610351562,29.0
382,2020-08-06,Open Position,upper,1980.9825853173902,1667.2224201932954,25.239999771118164,29.989999771118164
383,2020-08-19,Close Position,upper,1959.2476137589192,1449.2753623188405,25.520000457763672,34.5
384,2020-08-20,Open Position,lower,1998.401242414249,1506.0240617769525,25.020000457763672,33.20000076293945
385,2020-08-27,Close Position,lower,1971.608785355895,1408.4507042253522,25.360000610351562,35.5
386,2020-08-28,Open Position,upper,1944.7686417926436,1315.7894736842106,25.709999084472656,38.0
387,2020-09-08,Close Position,upper,1972.3865580905026,1510.5740877629346,25.350000381469727,33.099998474121094
388,2020-09-09,Open Position,upper,1977.065962433454,1315.7894736842106,25.290000915527344,38.0
389,2020-09-23,Close Position,upper,2079.0021449543765,1492.982905168043,24.049999237060547,33.4900016784668
390,2020-09-24,Open Position,lower,2142.245058831163,1449.2753623188405,23.34000015258789,34.5
391,2020-09-29,Close Position,lower,2138.5800596564504,1397.4287788106674,23.3799991607666,35.779998779296875
392,2020-09-30,Open Position,upper,2109.7045734355756,1392.757600969932,23.700000762939453,35.900001525878906
393,2020-10-02,Close Position,upper,2072.9684187518933,1428.5714285714287,24.1200008392334,35.0
394,2020-10-05,Open Position,upper,2047.5020411051594,1392.757600969932,24.420000076293945,35.900001525878906
395,2020-10-19,Close Position,upper,2047.5020411051594,1381.2154405032113,24.420000076293945,36.20000076293945
396,2020-10-20,Open Position,lower,2039.983661080571,1381.2154405032113,24.510000228881836,36.20000076293945
397,2020-10-30,Close Position,lower,2116.850051797999,1439.263027756039,23.6200008392334,34.7400016784668
398,2020-11-02,Open Position,lower,2063.5576122419193,1439.263027756039,24.229999542236328,34.7400016784668
399,2020-11-19,Close Position,lower,1757.4691971584327,1323.801943182726,28.450000762939453,37.77000045776367
400,2020-11-20,Open Position,upper,1737.3175402042639,1309.5861603024102,28.780000686645508,38.18000030517578
401,2020-11-24,Close Position,upper,1681.8029185963094,1302.0832815931924,29.729999542236328,38.400001525878906
402,2020-11-25,Open Position,upper,1703.5774906349834,1298.7012987012988,29.350000381469727,38.5
403,2020-12-11,Close Position,upper,1704.1581370131596,1241.310861848859,29.34000015258789,40.279998779296875
404,2020-12-14,Open Position,upper,1709.9863334946926,1201.634204916623,29.239999771118164,41.61000061035156
405,2020-12-18,Close Position,upper,1680.672268907563,1224.8897690790468,29.75,40.81999969482422
406,2020-12-21,Open Position,lower,1724.1379310344828,1263.2642164450262,29.0,39.58000183105469
407,2020-12-22,Close Position,lower,1735.5085361631918,1234.567901234568,28.809999465942383,40.5
408,2020-12-23,Open Position,upper,1742.7674823723162,1227.2949911641165,28.690000534057617,40.7400016784668
409,2021-01-07,Close Position,upper,1774.9378723671632,1182.0331182463285,28.170000076293945,42.29999923706055
410,2021-01-08,Open Position,upper,1774.3080006573516,919.9632272999537,28.18000030517578,54.349998474121094
411,2021-01-14,Close Position,upper,1769.9115044247787,922.5092121066665,28.25,54.20000076293945
412,2021-01-15,Open Position,lower,1824.8175436537463,961.5384615384615,27.399999618530273,52.0
413,2021-01-19,Close Position,lower,1819.5051249237026,865.8008658008658,27.479999542236328,57.75
414,2021-01-20,Open Position,lower,1788.9087168218591,913.2420091324201,27.950000762939453,54.75
415,2021-01-21,Close Position,lower,1769.9115044247787,875.1969029439673,28.25,57.130001068115234
416,2021-01-22,Open Position,lower,1812.2508054901223,885.582727785604,27.59000015258789,56.459999084472656
417,2021-01-25,Close Position,lower,1835.5359919280781,847.457627118644,27.239999771118164,59.0
418,2021-01-26,Open Position,upper,1826.150530773065,881.8342033018324,27.3799991607666,56.70000076293945
419,2021-01-27,Close Position,upper,1864.2804089833419,930.4056278069417,26.81999969482422,53.7400016784668
420,2021-01-28,Open Position,lower,1855.2875170511302,923.3610081452061,26.950000762939453,54.150001525878906
421,2021-02-01,Close Position,lower,1886.080707970969,915.9186638622807,26.510000228881836,54.59000015258789
422,2021-02-02,Open Position,upper,1862.1973664665952,913.7426696745516,26.850000381469727,54.720001220703125
423,2021-02-08,Close Position,upper,1738.5257163450292,942.5070823576972,28.760000228881836,53.04999923706055
424,2021-02-09,Open Position,lower,1686.9096163835331,946.0738210708437,29.639999389648438,52.849998474121094
425,2021-02-12,Close Position,lower,1714.677649576099,914.9130577118658,29.15999984741211,54.650001525878906
426,2021-02-16,Open Position,lower,1725.3278395373502,943.3962264150944,28.979999542236328,53.0
427,2021-04-05,Close Position,lower,1643.1153302188957,1032.6311832053732,30.43000030517578,48.41999816894531
428,2021-04-06,Open Position,upper,1688.6186750877728,1020.4081632653061,29.610000610351562,49.0
429,2021-04-20,Close Position,upper,1672.8003018064999,1050.4202017397906,29.889999389648438,47.599998474121094
430,2021-04-21,Open Position,lower,1663.8935530599015,1048.4378578278527,30.049999237060547,47.689998626708984
431,2021-04-27,Close Position,lower,1656.7262920612081,1016.2601468425821,30.18000030517578,49.20000076293945
432,2021-04-28,Open Position,lower,1644.7368627439907,1034.7682184558403,30.399999618530273,48.31999969482422
433,2021-05-03,Close Position,lower,1661.1295470541318,1041.6666666666667,30.100000381469727,48.0
434,2021-05-04,Open Position,upper,1672.8003018064999,1047.1204188481674,29.889999389648438,47.75
435,2021-05-17,Close Position,upper,1672.2408240103427,1024.5901799528745,29.899999618530273,48.79999923706055
436,2021-05-18,Open Position,upper,1638.8069362473568,1002.0039773760174,30.510000228881836,49.900001525878906
437,2021-05-19,Close Position,upper,1646.9037877078295,1020.4081632653061,30.360000610351562,49.0
438,2021-05-20,Open Position,lower,1632.3865938607034,1009.8970247440643,30.6299991607666,49.5099983215332
439,2021-05-25,Close Position,lower,1645.8196636348528,1002.8078497379595,30.3799991607666,49.86000061035156
440,2021-05-26,Open Position,lower,1640.4199721431978,1025.6410256410256,30.479999542236328,48.75
441,2021-06-01,Close Position,lower,1606.1677272068616,1002.4057523920438,31.1299991607666,49.880001068115234
442,2021-06-02,Open Position,lower,1547.5084455221465,996.015921117533,32.310001373291016,50.20000076293945
443,2021-06-04,Close Position,lower,1506.0240617769525,974.6588838909496,33.20000076293945,51.29999923706055
444,2021-06-07,Open Position,upper,1521.6067885357552,980.3921568627451,32.86000061035156,51.0
445,2021-06-10,Close Position,upper,1527.1837946448597,985.2216748768473,32.7400016784668,50.75
446,2021-06-11,Open Position,upper,1508.750782162595,963.3911084774919,33.13999938964844,51.900001525878906
447,2021-07-02,Close Position,upper,1546.551103253336,997.8048172218773,32.33000183105469,50.11000061035156
448,2021-07-06,Open Position,lower,1561.5240251465032,986.7772213704965,32.02000045776367,50.66999816894531
449,2021-07-16,Close Position,lower,1579.7788500043541,1006.0362018602674,31.649999618530273,49.70000076293945
450,2021-07-19,Open Position,upper,1609.2694075027373,1013.1712572639645,31.06999969482422,49.349998474121094
451,2021-07-21,Close Position,upper,1578.7811771249937,1013.1712572639645,31.670000076293945,49.349998474121094
452,2021-07-22,Open Position,upper,1596.933914176133,1016.2601468425821,31.309999465942383,49.20000076293945
453,2021-07-26,Close Position,upper,1587.8056641289259,1046.0251212981973,31.489999771118164,47.79999923706055
454,2021-07-27,Open Position,lower,1598.4654380569336,1054.8522867177878,31.280000686645508,47.400001525878906
455,2021-08-24,Close Position,lower,1655.6290972468623,1128.6681909956094,30.200000762939453,44.29999923706055
456,2021-08-25,Open Position,upper,1661.1295470541318,1144.6886366911344,30.100000381469727,43.68000030517578
457,2021-08-27,Close Position,upper,1675.041854640611,1162.2501038578364,29.850000381469727,43.02000045776367
458,2021-08-30,Open Position,lower,1673.3601540943685,1156.0693641618498,29.8799991607666,43.25
459,2021-08-31,Close Position,lower,1652.3463192930583,1138.9521244213436,30.260000228881836,43.900001525878906
460,2021-09-01,Open Position,lower,1642.0360836527386,1151.2779103996745,30.450000762939453,43.43000030517578
461,2021-09-02,Close Position,lower,1641.4970946433182,1141.0315004156819,30.459999084472656,43.81999969482422
462,2021-09-03,Open Position,lower,1622.3231828388625,1145.475332236961,30.81999969482422,43.650001525878906
463,2021-09-08,Close Position,lower,1603.5920304882152,1128.6681909956094,31.18000030517578,44.29999923706055
464,2021-09-09,Open Position,lower,1617.5994903534809,1142.0740382396837,30.90999984741211,43.779998779296875
465,2021-09-10,Close Position,lower,1621.7969550351374,1138.9521244213436,30.829999923706055,43.900001525878906
466,2021-09-13,Open Position,upper,1611.8632902046274,1134.816124411421,31.020000457763672,44.060001373291016
467,2021-09-17,Close Position,upper,1613.9445041576876,1162.7906976744187,30.979999542236328,43.0
468,2021-09-20,Open Position,lower,1644.7368627439907,1213.5922105364714,30.399999618530273,41.20000076293945
469,2021-09-22,Close Position,lower,1638.2699623217406,1164.4155006772553,30.520000457763672,42.939998626708984
470,2021-09-23,Open Position,lower,1623.3766635888994,1168.224319889823,30.799999237060547,42.79999923706055
471,2021-10-08,Close Position,lower,1647.4464372833297,1219.5121951219512,30.350000381469727,41.0
472,2021-10-11,Open Position,upper,1643.6554856870164,1198.178781415833,30.420000076293945,41.72999954223633
473,2021-10-15,Close Position,upper,1623.9038166051203,1194.743173788134,30.790000915527344,41.849998474121094
474,2021-10-18,Open Position,lower,1628.1342067926207,1193.3173789771404,30.709999084472656,41.900001525878906
475,2021-10-19,Close Position,lower,1635.59046447964,1175.088152679697,30.56999969482422,42.54999923706055
476,2021-10-20,Open Position,upper,1641.4970946433182,1187.6484991023228,30.459999084472656,42.099998474121094
477,2021-10-26,Close Position,upper,1691.4749967302134,1218.0268192273013,29.559999465942383,41.04999923706055
478,2021-10-27,Open Position,upper,1712.915350640785,1196.1722706365315,29.190000534057617,41.79999923706055
479,2021-10-29,Close Position,upper,1690.331309295539,1234.567901234568,29.579999923706055,40.5
480,2021-11-01,Open Position,lower,1644.1959964118514,1242.8536059888945,30.40999984741211,40.22999954223633
481,2021-11-04,Close Position,lower,1626.545230067881,1198.4659285002133,30.739999771118164,41.720001220703125
482,2021-11-05,Open Position,upper,1683.5016402555616,1210.653775391175,29.700000762939453,41.29999923706055
483,2021-11-19,Close Position,upper,1725.3278395373502,1201.9231210093542,28.979999542236328,41.599998474121094
484,2021-11-22,Open Position,upper,1723.5435920548837,1190.4761904761904,29.010000228881836,42.0
485,2021-11-26,Close Position,upper,1786.990736884183,1243.781070922148,27.979999542236328,40.20000076293945
486,2021-11-29,Open Position,lower,1812.2508054901223,1278.772428420764,27.59000015258789,39.099998474121094
487,2021-12-03,Close Position,lower,1771.793097682274,1221.0011982527476,28.219999313354492,40.95000076293945
488,2021-12-06,Open Position,upper,1764.9135239905477,1222.1950668905442,28.329999923706055,40.90999984741211
489,2021-12-07,Close Position,upper,1730.7027018462131,1220.1073830776193,28.889999389648438,40.97999954223633
490,2021-12-08,Open Position,upper,1759.324414700007,1219.5121951219512,28.420000076293945,41.0
491,2021-12-23,Close Position,upper,1780.6267854647808,1219.5121951219512,28.079999923706055,41.0
492,2021-12-27,Open Position,upper,1772.4211847819943,1190.4761904761904,28.209999084472656,42.0
493,2021-12-30,Close Position,upper,1770.538257976064,1234.567901234568,28.239999771118164,40.5
494,2021-12-31,Open Position,lower,1757.4691971584327,1223.3912724913837,28.450000762939453,40.869998931884766
495,2022-01-12,Close Position,lower,1631.8538184074584,1176.74742350832,30.639999389648438,42.4900016784668
496,2022-01-13,Open Position,lower,1618.646843248418,1176.74742350832,30.889999389648438,42.4900016784668
497,2022-01-19,Close Position,lower,1678.9791419454841,1184.8341018019744,29.780000686645508,42.20000076293945
498,2022-01-20,Open Position,upper,1696.640691041422,1190.4761904761904,29.469999313354492,42.0
499,2022-01-21,Close Position,upper,1678.9791419454841,1210.653775391175,29.780000686645508,41.29999923706055
500,2022-01-24,Open Position,lower,1693.1933233110874,1241.6190571550012,29.530000686645508,40.27000045776367
501,2022-02-01,Close Position,lower,1713.5023809828847,1250.0,29.18000030517578,40.0
502,2022-02-02,Open Position,upper,1679.5431384335293,1228.1994872132207,29.770000457763672,40.709999084472656
503,2022-02-03,Close Position,upper,1675.041854640611,1245.3299651252123,29.850000381469727,40.150001525878906
504,2022-02-04,Open Position,upper,1688.6186750877728,1234.872756910523,29.610000610351562,40.4900016784668
505,2022-02-07,Close Position,upper,1692.0474210128505,1277.7919405870423,29.549999237060547,39.130001068115234
506,2022-02-08,Open Position,lower,1689.1891674197793,1301.7443425834529,29.600000381469727,38.40999984741211
507,2022-03-03,Close Position,lower,1734.3045484674622,1330.4948792919402,28.829999923706055,37.58000183105469
508,2022-03-04,Open Position,upper,1785.076743713972,1388.888888888889,28.010000228881836,36.0
509,2022-03-14,Close Position,upper,1875.4688779510068,1435.543995734724,26.65999984741211,34.83000183105469
510,2022-03-15,Open Position,lower,1840.9425729346665,1470.5882352941176,27.15999984741211,34.0
511,2022-03-18,Close Position,lower,1765.5367421892322,1388.888888888889,28.31999969482422,36.0
512,2022-03-21,Open Position,lower,1771.165455571208,1435.1320258615451,28.229999542236328,34.84000015258789
513,2022-03-23,Close Position,lower,1762.425044797816,1408.4507042253522,28.3700008392334,35.5
514,2022-03-24,Open Position,lower,1755.6180057464237,1439.263027756039,28.479999542236328,34.7400016784668
515,2022-03-28,Close Position,lower,1773.04959742094,1388.888888888889,28.200000762939453,36.0
516,2022-03-29,Open Position,upper,1721.170441072249,1388.888888888889,29.049999237060547,36.0
517,2022-04-01,Close Position,upper,1766.7844999275478,1449.2753623188405,28.299999237060547,34.5
518,2022-04-04,Open Position,lower,1756.2346753042027,1412.4293176498277,28.469999313354492,35.400001525878906
519,2022-04-05,Close Position,lower,1823.4865011261495,1397.0382431118549,27.420000076293945,35.790000915527344
520,2022-04-06,Open Position,upper,1862.8911965627929,1428.5714285714287,26.84000015258789,35.0
521,2022-04-29,Close Position,upper,1904.7619047619048,1386.1935243424643,26.25,36.06999969482422
522,2022-05-02,Open Position,upper,1904.036540906345,1360.544217687075,26.260000228881836,36.75
523,2022-05-03,Close Position,upper,1881.113624662061,1373.6263160443016,26.579999923706055,36.400001525878906
524,2022-05-04,Open Position,lower,1843.6577600568153,1367.989084642759,27.1200008392334,36.54999923706055
525,2022-05-05,Close Position,lower,1897.5331793604757,1367.989084642759,26.350000381469727,36.54999923706055
526,2022-05-06,Open Position,lower,1874.0629470795118,1371.7420837707502,26.68000030517578,36.45000076293945
527,2022-05-09,Close Position,lower,1945.525234073231,1389.2747337635035,25.700000762939453,35.9900016784668
528,2022-05-10,Open Position,upper,1950.8389245887313,1383.508601118612,25.6299991607666,36.13999938964844
529,2022-05-17,Close Position,upper,1984.1269240567972,1418.4397163120568,25.200000762939453,35.25
530,2022-05-18,Open Position,upper,2037.4897365371814,1416.430625514187,24.540000915527344,35.29999923706055
531,2022-05-19,Close Position,upper,1999.200301576144,1416.8319269722763,25.010000228881836,35.290000915527344
532,2022-05-20,Open Position,upper,1998.401242414249,1379.3103448275863,25.020000457763672,36.25
533,2022-05-31,Close Position,upper,2008.0321592772482,1370.2383584571228,24.899999618530273,36.4900016784668
534,2022-06-01,Open Position,lower,1965.4087637719529,1377.4104972694438,25.440000534057617,36.29999923706055
535,2022-06-02,Close Position,lower,1934.984508697554,1303.7810166730626,25.84000015258789,38.349998474121094
536,2022-06-03,Open Position,upper,2003.2052016822572,1333.3333333333333,24.959999084472656,37.5
537,2022-06-06,Close Position,upper,1981.7677727776968,1367.989084642759,25.229999542236328,36.54999923706055
538,2022-06-07,Open Position,lower,1953.8882259421773,1369.86301369863,25.59000015258789,36.5
539,2022-06-27,Close Position,lower,2045.826469206661,1452.6438890142476,24.440000534057617,34.41999816894531
540,2022-06-28,Open Position,upper,2017.7561991330415,1395.0892797747285,24.780000686645508,35.84000015258789
541,2022-07-11,Close Position,upper,2090.3009966773698,1661.1295470541318,23.920000076293945,30.100000381469727
542,2022-07-12,Open Position,upper,2079.8668093105266,1467.997592014448,24.040000915527344,34.060001373291016
543,2022-07-21,Close Position,upper,1950.0780495410759,1412.4293176498277,25.639999389648438,35.400001525878906
544,2022-07-22,Open Position,lower,1963.864956715321,1412.4293176498277,25.459999084472656,35.400001525878906
545,2022-07-25,Close Position,lower,1951.6002483275524,1376.6519939460586,25.6200008392334,36.31999969482422
546,2022-07-26,Open Position,upper,1978.6307516523436,1351.7166188480276,25.270000457763672,36.9900016784668
547,2022-08-03,Close Position,upper,1936.4833691312094,1381.2154405032113,25.81999969482422,36.20000076293945
548,2022-08-04,Open Position,upper,1971.608785355895,1361.285070055727,25.360000610351562,36.72999954223633
549,2022-08-10,Close Position,upper,1866.3679839973527,1369.86301369863,26.790000915527344,36.5
550,2022-08-11,Open Position,lower,1851.851851851852,1385.4253197173973,27.0,36.09000015258789
551,2022-08-25,Close Position,lower,1849.7964753919925,1375.8943255381175,27.030000686645508,36.34000015258789
552,2022-08-26,Open Position,lower,1898.25359568525,1466.2757254357537,26.34000015258789,34.099998474121094
553,2022-08-29,Close Position,lower,1865.6716949027814,1410.4372051882033,26.799999237060547,35.45000076293945
554,2022-08-30,Open Position,upper,1876.1726347355745,1404.8890077446179,26.649999618530273,35.59000015258789
555,2022-08-31,Close Position,upper,1885.3694998848543,1437.1945583273666,26.520000457763672,34.790000915527344
556,2022-09-01,Open Position,lower,1914.2418986793364,1505.5706527669709,26.1200008392334,33.209999084472656
557,2022-09-02,Close Position,lower,1910.584633329536,1435.1320258615451,26.170000076293945,34.84000015258789
558,2022-09-06,Open Position,lower,1955.4165270530218,1492.5373134328358,25.56999969482422,33.5
559,2022-09-07,Close Position,lower,1940.2405553678059,1450.5366472099038,25.770000457763672,34.470001220703125
560,2022-09-08,Open Position,upper,1956.9472208623188,1450.5366472099038,25.549999237060547,34.470001220703125
561,2022-09-12,Close Position,upper,1917.177919718906,1451.3787777267305,26.079999923706055,34.45000076293945
562,2022-09-13,Open Position,lower,1984.9146065875836,1484.1199773858305,25.190000534057617,33.689998626708984
563,2022-09-14,Close Position,lower,1996.805038812715,1488.538248671244,25.040000915527344,33.59000015258789
564,2022-09-15,Open Position,upper,2016.9422409614453,1428.5714285714287,24.790000915527344,35.0
565,2022-09-20,Close Position,upper,2050.0205515060784,1514.6925944368745,24.389999389648438,33.0099983215332
566,2022-09-21,Open Position,upper,2100.8404034795813,1526.2516044494091,23.799999237060547,32.7599983215332
567,2022-09-22,Close Position,upper,2087.6826057296275,1562.5,23.950000762939453,32.0
568,2022-09-23,Open Position,lower,2125.8502987611805,1587.3015873015872,23.520000457763672,31.5
569,2022-09-29,Close Position,lower,2253.26718326388,1639.881940811387,22.190000534057617,30.489999771118164
570,2022-09-30,Open Position,lower,2315.886968347554,1689.1891674197793,21.59000015258789,29.600000381469727
571,2022-10-04,Close Position,lower,2179.59890305007,1622.8497522458706,22.940000534057617,30.809999465942383
572,2022-10-05,Open Position,upper,2208.4806249094345,1626.0162601626016,22.639999389648438,30.75
573,2022-10-06,Close Position,upper,2220.248622719842,1669.4490392758419,22.520000457763672,29.950000762939453
574,2022-10-07,Open Position,lower,2241.147521152035,1661.1295470541318,22.309999465942383,30.100000381469727
575,2022-11-07,Close Position,lower,2128.5653676964644,1718.2130358953177,23.489999771118164,29.100000381469727
576,2022-11-08,Open Position,lower,2110.595140262583,1724.1379310344828,23.690000534057617,29.0
577,2022-11-09,Close Position,lower,2236.1358960273237,1703.5774906349834,22.360000610351562,29.350000381469727
578,2022-11-10,Open Position,upper,2133.10575344704,1661.1295470541318,23.440000534057617,30.100000381469727
579,2022-11-17,Close Position,upper,2120.4410585995256,1680.672268907563,23.579999923706055,29.75
580,2022-11-18,Open Position,lower,2102.6071722562756,1759.9436912547023,23.780000686645508,28.40999984741211
581,2022-11-25,Close Position,lower,2046.6639122148072,1638.8069362473568,24.43000030517578,30.510000228881836
582,2022-11-28,Open Position,lower,2065.2623664107464,1689.1891674197793,24.209999084472656,29.600000381469727
583,2022-11-29,Close Position,lower,2074.6887638410394,1644.7368627439907,24.100000381469727,30.399999618530273
584,2022-11-30,Open Position,upper,2040.8163265306123,1600.0,24.5,31.25
585,2022-12-01,Close Position,upper,2032.5202936851642,1667.7785444779329,24.600000381469727,29.979999542236328
586,2022-12-02,Open Position,upper,2068.6801755139522,1611.8632902046274,24.170000076293945,31.020000457763672
587,2022-12-09,Close Position,upper,2088.5546735418325,1655.0811491318123,23.940000534057617,30.209999084472656
588,2022-12-12,Open Position,upper,2081.5986281065684,1612.9032258064517,24.020000457763672,31.0
589,2022-12-14,Close Position,upper,2077.2746420412927,1655.6290972468623,24.06999969482422,30.200000762939453
590,2022-12-15,Open Position,lower,2102.6071722562756,1718.8037036002534,23.780000686645508,29.09000015258789
591,2022-12-16,Close Position,lower,2121.34071478073,1662.2340467692286,23.56999969482422,30.079999923706055
592,2022-12-19,Open Position,upper,2128.5653676964644,1620.2203179227479,23.489999771118164,30.860000610351562
593,2022-12-22,Close Position,upper,2179.59890305007,1700.6802941754438,22.940000534057617,29.399999618530273
594,2022-12-23,Open Position,upper,2162.629679284124,1666.6666666666667,23.1200008392334,30.0
595,2023-01-03,Close Position,upper,2148.689257258621,1666.6666666666667,23.270000457763672,30.0
596,2023-01-04,Open Position,lower,2128.5653676964644,1658.374813685565,23.489999771118164,30.149999618530273
597,2023-01-09,Close Position,lower,2072.10947944399,1592.3567072431808,24.1299991607666,31.399999618530273
598,2023-01-10,Open Position,upper,2076.411966711697,1584.78609220589,24.079999923706055,31.549999237060547
599,2023-01-25,Close Position,upper,2075.5500076088088,1552.7949942643304,24.09000015258789,32.20000076293945
600,2023-01-26,Open Position,upper,2060.156533042241,1501.5015359025454,24.270000457763672,33.29999923706055
601,2023-02-10,Close Position,upper,1989.653866684599,1428.5714285714287,25.1299991607666,35.0
602,2023-02-13,Open Position,upper,1965.4087637719529,1385.8092423089658,25.440000534057617,36.08000183105469
603,2023-02-14,Close Position,upper,1984.1269240567972,1428.5714285714287,25.200000762939453,35.0
604,2023-02-15,Open Position,lower,1982.5535829227404,1415.6285513028186,25.219999313354492,35.31999969482422
605,2023-02-17,Close Position,lower,1957.7133205818295,1372.495184769358,25.540000915527344,36.43000030517578
606,2023-02-21,Open Position,lower,1930.501958935446,1403.7058253598982,25.899999618530273,35.619998931884766
607,2023-02-28,Close Position,lower,1925.2984721600903,1408.0541358313747,25.969999313354492,35.5099983215332
608,2023-03-01,Open Position,upper,1907.6688953270902,1397.4287788106674,26.209999084472656,35.779998779296875
609,2023-03-03,Close Position,upper,1872.6591225196432,1409.2446630524523,26.700000762939453,35.47999954223633
610,2023-03-06,Open Position,upper,1879.699221163596,1370.614052286659,26.600000381469727,36.47999954223633
611,2023-03-08,Close Position,upper,1883.2392254914314,1420.454514667023,26.549999237060547,35.20000076293945
612,2023-03-09,Open Position,lower,1893.9394213060816,1415.6285513028186,26.399999618530273,35.31999969482422
613,2023-03-10,Close Position,lower,1904.036540906345,1398.9926595365773,26.260000228881836,35.7400016784668
614,2023-03-13,Open Position,lower,1944.0124935788276,1449.2753623188405,25.719999313354492,34.5
615,2023-03-14,Close Position,lower,1967.7292522727923,1436.781640694753,25.40999984741211,34.79999923706055
616,2023-03-15,Open Position,upper,2008.8389403815984,1436.781640694753,24.889999389648438,34.79999923706055
617,2023-03-16,Close Position,upper,1960.7843137254902,1437.1945583273666,25.5,34.790000915527344
618,2023-03-17,Open Position,lower,2005.615699475919,1470.5882352941176,24.93000030517578,34.0
619,2023-03-23,Close Position,lower,1950.0780495410759,1407.6576395164827,25.639999389648438,35.52000045776367
620,2023-03-24,Open Position,upper,1945.525234073231,1391.9822535856244,25.700000762939453,35.91999816894531
621,2023-03-29,Close Position,upper,1913.5094376533114,1428.5714285714287,26.1299991607666,35.0
622,2023-03-30,Open Position,lower,1906.9413161476998,1408.4507042253522,26.219999313354492,35.5
623,2023-04-11,Close Position,lower,1885.3694998848543,1410.8352691164616,26.520000457763672,35.439998626708984
624,2023-04-12,Open Position,upper,1891.0740919083767,1373.6263160443016,26.440000534057617,36.400001525878906
625,2023-05-11,Close Position,upper,1812.2508054901223,1250.0,27.59000015258789,40.0
626,2023-05-12,Open Position,upper,1801.8018018018017,1213.2977702209969,27.75,41.209999084472656
627,2023-05-15,Close Position,upper,1811.5941778598428,1253.1327841571708,27.600000381469727,39.900001525878906
628,2023-05-16,Open Position,lower,1792.1147198436383,1272.2646557420076,27.899999618530273,39.29999923706055
629,2023-05-18,Close Position,lower,1767.4089212403253,1195.314315355346,28.290000915527344,41.83000183105469
630,2023-05-19,Open Position,lower,1773.04959742094,1222.493841922309,28.200000762939453,40.900001525878906
631,2023-05-22,Close Position,lower,1750.700312849259,1192.1793428042247,28.559999465942383,41.939998626708984
632,2023-05-23,Open Position,upper,1762.425044797816,1180.9163868636385,28.3700008392334,42.34000015258789
633,2023-05-25,Close Position,upper,1739.7355740498913,1234.567901234568,28.739999771118164,40.5
634,2023-05-26,Open Position,lower,1743.983253119799,1226.993865030675,28.670000076293945,40.75
635,2023-06-05,Close Position,lower,1676.1649389165684,1195.600200020761,29.829999923706055,41.81999969482422
636,2023-06-06,Open Position,lower,1627.6042030464555,1190.4761904761904,30.719999313354492,42.0
637,2023-06-07,Close Position,lower,1670.5646338183806,1190.4761904761904,29.93000030517578,42.0
638,2023-06-08,Open Position,lower,1665.0016269308728,1219.5121951219512,30.030000686645508,41.0
639,2023-06-22,Close Position,lower,1614.9871278606226,1190.4761904761904,30.959999084472656,42.0
640,2023-06-23,Open Position,lower,1658.374813685565,1224.8897690790468,30.149999618530273,40.81999969482422
641,2023-06-26,Close Position,lower,1668.8919068062808,1217.4336589123757,29.959999084472656,41.06999969482422
642,2023-06-27,Open Position,upper,1654.5334591686951,1197.891662419229,30.219999313354492,41.7400016784668
643,2023-06-28,Close Position,upper,1636.661252002404,1223.6906327243885,30.549999237060547,40.86000061035156
644,2023-06-29,Open Position,upper,1646.361495499455,1195.600200020761,30.3700008392334,41.81999969482422
645,2023-06-30,Close Position,upper,1649.6206163309948,1250.0,30.309999465942383,40.0
646,2023-07-03,Open Position,upper,1630.2575766423613,1183.4319526627219,30.670000076293945,42.25
647,2023-07-18,Close Position,upper,1626.0162601626016,1184.5534490521457,30.75,42.209999084472656
648,2023-07-19,Open Position,lower,1613.9445041576876,1183.1519636980902,30.979999542236328,42.2599983215332
649,2023-09-25,Close Position,lower,1420.0511587644323,1260.7160915877462,35.209999084472656,39.65999984741211
650,2023-09-26,Open Position,upper,1439.677531213132,1276.1612968490679,34.72999954223633,39.18000030517578
651,2023-09-27,Close Position,upper,1428.9796399401291,1293.6610097291061,34.9900016784668,38.650001525878906
652,2023-09-28,Open Position,lower,1435.1320258615451,1293.6610097291061,34.84000015258789,38.650001525878906
653,2023-09-29,Close Position,lower,1486.3258295832727,1268.391738267241,33.63999938964844,39.41999816894531
654,2023-10-02,Open Position,upper,1488.9814554375678,1268.391738267241,33.58000183105469,39.41999816894531
655,2023-10-10,Close Position,upper,1490.3129996130726,1318.2177589694666,33.54999923706055,37.93000030517578
656,2023-10-11,Open Position,lower,1478.8523504615603,1298.7012987012988,33.810001373291016,38.5
657,2023-10-18,Close Position,lower,1511.9443744000243,1303.7810166730626,33.06999969482422,38.349998474121094
658,2023-10-19,Open Position,upper,1535.6264708580456,1303.7810166730626,32.560001373291016,38.349998474121094
659,2023-10-20,Close Position,upper,1541.7822858305701,1366.120275533719,32.43000030517578,36.599998474121094
660,2023-10-23,Open Position,upper,1553.2774816123645,1340.1232420161027,32.189998626708984,37.310001373291016
661,2023-10-24,Close Position,upper,1551.3496962504355,1367.2409192575558,32.22999954223633,36.56999969482422
662,2023-10-25,Open Position,upper,1547.9876526631842,1351.3513513513512,32.29999923706055,37.0
663,2023-10-31,Close Position,upper,1626.0162601626016,1420.454514667023,30.75,35.20000076293945
664,2023-11-01,Open Position,upper,1593.8794600689553,1324.8542071085374,31.3700008392334,37.7400016784668
665,2023-12-05,Close Position,upper,1638.8069362473568,1243.781070922148,30.510000228881836,40.20000076293945
666,2023-12-06,Open Position,lower,1624.4314127547586,1241.9275232124717,30.780000686645508,40.2599983215332
667,2023-12-07,Close Position,lower,1633.9869077347537,1234.2631960422068,30.600000381469727,40.5099983215332
668,2023-12-08,Open Position,upper,1640.4199721431978,1234.2631960422068,30.479999542236328,40.5099983215332
669,2023-12-11,Close Position,upper,1620.7455229087407,1256.281431117253,30.850000381469727,39.79999923706055
670,2023-12-12,Open Position,upper,1638.8069362473568,1197.6047904191616,30.510000228881836,41.75
671,2023-12-21,Close Position,upper,1636.1256830427155,1204.8192771084337,30.559999465942383,41.5
672,2023-12-22,Open Position,lower,1634.521077168744,1210.653775391175,30.59000015258789,41.29999923706055
673,2023-12-27,Close Position,lower,1638.8069362473568,1190.4761904761904,30.510000228881836,42.0
674,2023-12-28,Open Position,upper,1631.3213906133678,1149.4252873563219,30.649999618530273,43.5
675,2024-01-02,Close Position,upper,1623.9038166051203,1210.653775391175,30.790000915527344,41.29999923706055
676,2024-01-03,Open Position,lower,1633.9869077347537,1210.653775391175,30.600000381469727,41.29999923706055
677,2024-02-01,Close Position,lower,1480.6040663971942,1124.8593732688505,33.77000045776367,44.45000076293945
678,2024-02-02,Open Position,upper,1491.201963027584,1063.1512076927918,33.529998779296875,47.029998779296875
679,2024-03-15,Close Position,upper,1386.5778728736846,847.457627118644,36.060001373291016,59.0
680,2024-03-18,Open Position,lower,1372.495184769358,860.4370930103403,36.43000030517578,58.11000061035156
681,2024-03-21,Close Position,lower,1335.470134454838,833.7501914663754,37.439998626708984,59.970001220703125
682,2024-03-22,Open Position,lower,1326.963895834468,865.8008658008658,37.68000030517578,57.75
683,2024-04-01,Close Position,lower,1357.5888545799774,864.9022454979678,36.83000183105469,57.810001373291016
684,2024-04-02,Open Position,lower,1375.8943255381175,932.3139847880147,36.34000015258789,53.630001068115234
685,2024-04-19,Close Position,lower,1464.55772975674,943.3962264150944,34.13999938964844,53.0
686,2024-04-22,Open Position,upper,1447.1780348512075,909.0909090909091,34.54999923706055,55.0
687,2024-05-03,Close Position,upper,1445.5044746872945,892.8571428571429,34.59000015258789,56.0
688,2024-05-06,Open Position,upper,1430.205987110775,868.3570408126219,34.959999084472656,57.58000183105469
